Workbook

Sheet Paso1_Modelo
A1: Taller regresión logística — Modelo matemático (Semana 8)
A2: Datos: StudentsPerformance.csv (1000 estudiantes). Y = aprueba_mate (math score >= 60). X = reading score.
A4: Paso 0. Definición del problema
A5: Variable dependiente (Y) | B5: aprueba_mate = 1 si math score >= 60, 0 si no
A6: Variable independiente (X) | B6: reading score
A7: Tamaño de la muestra | B7: 1000
A8: Aprueban (Y=1) | B8: 677
A9: No aprueban (Y=0) | B9: 323
A11: Paso 1. Coeficientes del modelo (ajustados con sm.Logit, máxima verosimilitud)
A12: Coeficiente | B12: Valor | C12: Std err | D12: z / p
A13: b0 (intercepto) | B13: -10.2254 | C13: 0.702 | D13: z = -14.57, p < 0.001
A14: b1 (reading score) | B14: 0.1672 | C14: 0.011 | D14: z = 15.33, p < 0.001
A16: Ecuación completa del modelo
A17: z = b0 + b1 * X
A18: P(aprueba mate) = 1 / (1 + e^(-z))
A20: Nota: b0 y b1 son los valores estimados por el software (máxima verosimilitud); no se calculan a mano en este taller. Fuente: 02_Taller_regresion_logistica_profesor.md, Paso 1.

Sheet Paso2_3_z_y_P
A1: Paso 2-3. Calcular z y convertir a probabilidad
A2: b0 y b1 se referencian desde Paso1_Modelo. z = b0 + b1*X ; P = 1/(1+e^-z)
A4: b0 = | B4: =Paso1_Modelo!B13 -> -10.2254
A5: b1 = | B5: =Paso1_Modelo!B14 -> 0.1672
A7: reading score (X) | B7: Operación | C7: z = b0+b1*X | D7: e^(-z) | E7: P = 1/(1+e^-z) | F7: P (%) | G7: ¿Aprueba? (umbral 0.5)
A8: 40 | B8: ="z = "&$B$4&" + "&$B$5&" x "&A8 -> z = -10,2254 + 0,1672 x 40 | C8: =$B$4+$B$5*A8 -> -3.5374 | D8: =EXP(-C8) -> 34.377422 | E8: =1/(1+D8) -> 0.028266616 | F8: =E8 -> 0.028266616 | G8: =IF(E8>=0.5,"Si","No") -> No
A9: 50 | B9: ="z = "&$B$4&" + "&$B$5&" x "&A9 -> z = -10,2254 + 0,1672 x 50 | C9: =$B$4+$B$5*A9 -> -1.8654 | D9: =EXP(-C9) -> 6.4585188 | E9: =1/(1+D9) -> 0.13407488 | F9: =E9 -> 0.13407488 | G9: =IF(E9>=0.5,"Si","No") -> No
A10: 60 | B10: ="z = "&$B$4&" + "&$B$5&" x "&A10 -> z = -10,2254 + 0,1672 x 60 | C10: =$B$4+$B$5*A10 -> -0.1934 | D10: =EXP(-C10) -> 1.213368 | E10: =1/(1+D10) -> 0.45180014 | F10: =E10 -> 0.45180014 | G10: =IF(E10>=0.5,"Si","No") -> No
A11: 70 | B11: ="z = "&$B$4&" + "&$B$5&" x "&A11 -> z = -10,2254 + 0,1672 x 70 | C11: =$B$4+$B$5*A11 -> 1.4786 | D11: =EXP(-C11) -> 0.2279566 | E11: =1/(1+D11) -> 0.81436103 | F11: =E11 -> 0.81436103 | G11: =IF(E11>=0.5,"Si","No") -> Si
A12: 80 | B12: ="z = "&$B$4&" + "&$B$5&" x "&A12 -> z = -10,2254 + 0,1672 x 80 | C12: =$B$4+$B$5*A12 -> 3.1506 | D12: =EXP(-C12) -> 0.042826423 | E12: =1/(1+D12) -> 0.95893236 | F12: =E12 -> 0.95893236 | G12: =IF(E12>=0.5,"Si","No") -> Si
A15: Ejercicio 3.1. Valor de X donde P = 0.5 (z = 0)
A16: X (P=0.5) = -b0 / b1 = | B16: =-B4/B5 -> 61.156699
A18: Nota: valores de reading score (X) son ejemplos del taller (Paso 2), no promedios del dataset.

Sheet Paso4_Estudiantes
A1: Paso 4. Comprobación con estudiantes reales del dataset
A2: Fuente: primeras filas de StudentsPerformance.csv con reading score = 72 y 50 (Ejercicios 4.1 y 4.2).
A4: Estudiante | B4: reading score (X) | C4: math score real | D4: aprueba_mate real | E4: z | F4: e^(-z) | G4: P calculada | H4: Predicción (umbral 0.5)
A5: Fila 1 (mujer, Ej. 4.1) | B5: 72 | C5: 72 | D5: =IF(C5>=60,1,0) -> 1 | E5: =Paso1_Modelo!$B$13+Paso1_Modelo!$B$14*B5 -> 1.813 | F5: =EXP(-E5) -> 0.16316391 | G5: =1/(1+F5) -> 0.85972406 | H5: =IF(G5>=0.5,"Aprueba","No aprueba") -> Aprueba
A6: Fila con reading=50 (Ej. 4.2) | B6: 50 | C6: 50 | D6: =IF(C6>=60,1,0) -> 0 | E6: =Paso1_Modelo!$B$13+Paso1_Modelo!$B$14*B6 -> -1.8654 | F6: =EXP(-E6) -> 6.4585188 | G6: =1/(1+F6) -> 0.13407488 | H6: =IF(G6>=0.5,"Aprueba","No aprueba") -> No aprueba
A9: Comparación: ¿coincide la predicción con la realidad?
A10: =IF(AND((G5>=0.5)=(D5=1)),"Fila 1: el modelo ACIERTA","Fila 1: el modelo FALLA") -> Fila 1: el modelo ACIERTA
A11: =IF(AND((G6>=0.5)=(D6=1)),"Fila reading=50: el modelo ACIERTA","Fila reading=50: el modelo FALLA") -> Fila reading=50: el modelo ACIERTA
A13: Nota: el modelo se equivoca en 168 de los 1000 estudiantes en total (ver hoja Paso6_MatrizConfusion).

Sheet Paso5_OddsRatio
A1: Paso 5. Razón de momios (odds ratio)
A2: odds ratio = e^b1. Interpretación: por cada punto adicional de X, los momios de aprobar se multiplican por e^b1.
A4: b1 = | B4: =Paso1_Modelo!B14 -> 0.1672
A5: odds ratio = e^b1 = | B5: =EXP(B4) -> 1.1819906 | C5: ="(aumento del "&TEXT(B5-1,"0.0%")&")" -> (aumento del 18%)
A7: Ejemplo: efecto NO es lineal en probabilidad (mismo odds ratio, distinto cambio de P)
A8: Tramo | B8: X inicial | C8: X final | D8: P(X inicial) | E8: P(X final) | F8: Cambio en P (pp)
A9: Extremo bajo | B9: 40 | C9: 41 | D9: =1/(1+EXP(-(Paso1_Modelo!$B$13+Paso1_Modelo!$B$14*B9))) -> 0.028266616 | E9: =1/(1+EXP(-(Paso1_Modelo!$B$13+Paso1_Modelo!$B$14*C9))) -> 0.033239881 | F9: =(E9-D9) -> 0.004973265
A10: Cerca del punto de corte | B10: 60 | C10: 61 | D10: =1/(1+EXP(-(Paso1_Modelo!$B$13+Paso1_Modelo!$B$14*B10))) -> 0.45180014 | E10: =1/(1+EXP(-(Paso1_Modelo!$B$13+Paso1_Modelo!$B$14*C10))) -> 0.49345037 | F10: =(E10-D10) -> 0.041650231
A13: Punto de corte (P=0.5) para reading score: | B13: =Paso2_3_z_y_P!B16 -> 61.156699
A15: Nota: el odds ratio es constante (efecto multiplicativo sobre los momios), pero el cambio en la probabilidad es mayor cerca de P=0.5 y menor en los extremos (curva sigmoide).

Sheet Paso6_MatrizConfusion
A1: Paso 6. Evaluación del modelo: matriz de confusión
A2: Matriz de confusión al aplicar el modelo (umbral 0.5) a los 1000 estudiantes del dataset.
B4: Predicho: no aprueba | C4: Predicho: aprueba | D4: Total real
A5: Real: no aprueba | B5: 227 | C5: 96 | D5: =B5+C5 -> 323
A6: Real: aprueba | B6: 72 | C6: 605 | D6: =B6+C6 -> 677
A7: Total predicho | B7: =B5+B6 -> 299 | C7: =C5+C6 -> 701 | D7: =B7+C7 -> 1000
A9: Ejercicio 6.1. Métricas
A10: Exactitud (accuracy) | B10: (227 + 605) / 1000 | C10: =(B5+C6)/D7 -> 0.832 | D10: (VN+VP)/Total
A11: Precisión (precision) | B11: 605 / (605 + 96) | C11: =C6/(C6+C5) -> 0.86305278 | D11: VP/(VP+FP)
A12: Sensibilidad (recall) | B12: 605 / (605 + 72) | C12: =C6/(C6+B6) -> 0.89364845 | D12: VP/(VP+FN)
A14: VN = verdadero negativo (227), FP = falso positivo (96), FN = falso negativo (72), VP = verdadero positivo (605).

Sheet Reto_WritingScore
A1: Reto final. Repetir el modelo con writing score
A2: Coeficientes ajustados con sm.Logit (mismo método que Paso 1), usando writing score como X.
A4: b0 = | B4: -8.7876
A5: b1 = | B5: 0.1477
A6: odds ratio = e^b1 = | B6: =EXP(B5) -> 1.1591651
A8: writing score (X) | B8: Operación | C8: z = b0+b1*X | D8: e^(-z) | E8: P = 1/(1+e^-z) | F8: P (%) | G8: ¿Aprueba? (umbral 0.5)
A9: 40 | B9: ="z = "&$B$4&" + "&$B$5&" x "&A9 -> z = -8,7876 + 0,1477 x 40 | C9: =$B$4+$B$5*A9 -> -2.8796 | D9: =EXP(-C9) -> 17.807149 | E9: =1/(1+D9) -> 0.05317127 | F9: =E9 -> 0.05317127 | G9: =IF(E9>=0.5,"Si","No") -> No
A10: 50 | B10: ="z = "&$B$4&" + "&$B$5&" x "&A10 -> z = -8,7876 + 0,1477 x 50 | C10: =$B$4+$B$5*A10 -> -1.4026 | D10: =EXP(-C10) -> 4.0657572 | E10: =1/(1+D10) -> 0.19740385 | F10: =E10 -> 0.19740385 | G10: =IF(E10>=0.5,"Si","No") -> No
A11: 60 | B11: ="z = "&$B$4&" + "&$B$5&" x "&A11 -> z = -8,7876 + 0,1477 x 60 | C11: =$B$4+$B$5*A11 -> 0.0744 | D11: =EXP(-C11) -> 0.9283003 | E11: =1/(1+D11) -> 0.51859142 | F11: =E11 -> 0.51859142 | G11: =IF(E11>=0.5,"Si","No") -> Si
A12: 65 | B12: ="z = "&$B$4&" + "&$B$5&" x "&A12 -> z = -8,7876 + 0,1477 x 65 | C12: =$B$4+$B$5*A12 -> 0.8129 | D12: =EXP(-C12) -> 0.44356985 | E12: =1/(1+D12) -> 0.69272713 | F12: =E12 -> 0.69272713 | G12: =IF(E12>=0.5,"Si","No") -> Si
A13: 70 | B13: ="z = "&$B$4&" + "&$B$5&" x "&A13 -> z = -8,7876 + 0,1477 x 70 | C13: =$B$4+$B$5*A13 -> 1.5514 | D13: =EXP(-C13) -> 0.21195103 | E13: =1/(1+D13) -> 0.82511584 | F13: =E13 -> 0.82511584 | G13: =IF(E13>=0.5,"Si","No") -> Si
A14: 80 | B14: ="z = "&$B$4&" + "&$B$5&" x "&A14 -> z = -8,7876 + 0,1477 x 80 | C14: =$B$4+$B$5*A14 -> 3.0284 | D14: =EXP(-C14) -> 0.048393005 | E14: =1/(1+D14) -> 0.95384078 | F14: =E14 -> 0.95384078 | G14: =IF(E14>=0.5,"Si","No") -> Si
A16: Punto de corte (P=0.5) para writing score = -b0/b1 = | C16: =-B4/B5 -> 59.496276
A18: Comparación con reading score:
A19: odds ratio reading score = | B19: =Paso5_OddsRatio!B5 -> 1.1819906
A20: odds ratio writing score = | B20: =B6 -> 1.1591651
A22: Nota: reading score tiene una relación ligeramente más fuerte con aprobar matemáticas que writing score, aunque ambas variables están altamente correlacionadas entre sí (r ≈ 0.95).
